{"count":1,"self":54.2803712,"total":60.5088684,"children":{"InitializeActuators":{"count":1,"self":0.00099969999999999985,"total":0.00099969999999999985,"children":null},"InitializeSensors":{"count":1,"self":0.00096099999999999994,"total":0.00096099999999999994,"children":null},"AgentSendState":{"count":2781,"self":0.026634099999999997,"total":0.0919006,"children":{"CollectObservations":{"count":557,"self":0.006464,"total":0.006464,"children":null},"WriteActionMask":{"count":557,"self":0.0030583,"total":0.0030583,"children":null},"RequestDecision":{"count":557,"self":0.0034456,"total":0.0557442,"children":{"AgentInfo.ToProto":{"count":557,"self":0.0035172999999999997,"total":0.0522986,"children":{"GenerateSensorData":{"count":557,"self":0.0487813,"total":0.0487813,"children":null}}}}}}},"DecideAction":{"count":2781,"self":5.8546211999999995,"total":5.8546211,"children":null},"AgentAct":{"count":2781,"self":0.2775958,"total":0.2784957,"children":{"AgentInfo.ToProto":{"count":38,"self":0,"total":0.00089989999999999992,"children":{"GenerateSensorData":{"count":38,"self":0.00089989999999999992,"total":0.00089989999999999992,"children":null}}}}}},"gauges":{"3DBall.CumulativeReward":{"count":38,"max":0.7000003,"min":1.41561031E-07,"runningAverage":0.39736867,"value":0.100000165,"weightedAverage":0.264748275}},"metadata":{"timer_format_version":"0.1.0","start_time_seconds":"1699575499","unity_version":"2022.3.10f1","command_line_arguments":"D:\\Projects\\3DBallBalancing\\.\/Builds\/3DBallBalancing.exe --mlagents-port 5005","communication_protocol_version":"1.5.0","com.unity.ml-agents_version":"3.0.0-exp.1","scene_name":"3DBall","end_time_seconds":"1699575560"}}